2-digit level  MTWP Method of Travel to Work,"Car, as driver","Car, as passenger",Train,Bus,Taxi/ride-share service,Bicycle,Walked only,Total
40000090000,9,0,0,3,0,0,7,22
40000142000,3,0,0,0,0,0,6,8
40000360000,4,0,0,3,0,0,6,15
40001800000,18,0,0,3,0,0,18,39
40001810000,5,0,0,4,0,0,5,17
40001890000,0,0,0,0,0,0,0,7
40002530000,10,0,0,0,0,0,0,17
40214955300,0,0,0,0,0,0,0,8
40214988500,12,0,0,3,0,0,3,16
40215100100,5,0,0,0,0,0,5,10
40215151800,7,0,0,0,0,0,6,14
40215293600,4,0,0,0,0,0,5,4
40244030000,14,0,0,3,0,0,4,27
40001080000,10,6,0,9,0,3,12,27
40001150000,10,0,0,7,0,0,10,30
40001410000,24,3,0,6,0,0,11,42
40002310000,13,0,0,0,0,4,12,35
40002320000,17,5,0,0,0,0,6,29
40002780000,6,0,0,0,0,0,0,9
40003260000,0,0,0,0,0,0,0,0
40244050000,10,0,0,0,0,0,0,10
40001091000,0,0,0,0,0,0,0,0
40001093000,0,0,0,0,0,0,0,0
40002820000,0,0,0,0,0,0,0,0
40003280000,0,0,0,0,0,0,0,0
40244080000,0,0,0,0,0,0,0,0
40244091000,9,0,0,4,6,0,8,23
40244092000,11,0,0,0,0,0,0,14
40244101000,3,0,0,0,0,0,0,3
40244102000,0,0,0,0,0,0,0,0
40244120000,4,0,0,0,0,0,7,15
40244130000,6,0,0,0,0,0,4,8
40000390000,47,3,0,3,4,0,20,79
40000800000,0,0,0,0,0,0,0,0
40000850000,8,0,0,0,0,0,6,16
40001340000,0,0,0,0,0,0,0,0
40001420000,31,3,0,3,0,0,10,45
40001880000,8,0,0,0,0,0,4,16
40002301000,3,0,0,0,0,0,0,9
40002302000,0,0,0,0,0,0,0,0
40003410000,13,0,0,3,0,3,9,23
40003420000,19,0,0,12,0,0,9,46
40003460000,0,0,0,0,0,0,5,13
40244010000,10,0,0,0,0,0,10,19
40001630000,6,5,0,0,0,0,9,19
40002980000,19,6,0,0,0,7,20,47
40003400000,3,0,0,8,0,0,0,11
40215046300,10,0,0,0,0,7,6,23
40215155500,11,0,0,0,0,3,11,20
40215155600,9,0,0,5,0,0,10,26
40215280300,9,0,0,8,0,0,4,18
40243990000,0,0,0,4,0,0,0,3
40244000000,12,3,0,0,0,0,0,11
40414810000,0,0,0,0,0,0,0,0
40414850000,0,0,0,0,0,0,0,0
40001110000,6,0,0,0,0,0,13,13
40001120000,6,0,0,0,0,0,7,13
40001660000,11,0,0,5,0,0,0,12
40002340000,0,0,0,0,0,0,0,0
40002360000,15,0,0,0,0,4,4,18
40243880000,30,5,0,3,0,3,31,74
40243910000,11,0,0,3,0,0,4,17
40243970000,0,0,0,0,0,0,0,0
40243980000,7,0,0,5,0,0,7,19
40000170000,4,0,0,0,0,0,9,10
40003140000,12,0,0,11,0,4,19,42
40003270000,14,0,0,0,0,0,12,22
40243890000,43,6,0,21,0,5,53,121
40243900000,0,0,0,0,0,0,0,0
40243920000,5,0,0,0,0,0,4,14
40243930000,4,0,0,0,0,0,0,4
40243950000,12,0,0,3,0,0,19,37
40243960000,0,0,0,0,0,0,0,0
40000162000,0,0,0,0,0,0,0,0
40000163000,0,0,0,0,0,0,0,0
40000164000,0,0,0,0,0,0,0,0
40000165000,0,0,0,0,0,0,0,0
40001540000,26,6,0,5,0,5,17,53
40002100000,5,0,0,9,3,0,6,19
40002960000,12,4,0,0,5,0,10,29
40244060000,10,0,0,0,0,0,3,14
40244070000,10,3,0,0,0,4,8,25
40001470000,0,0,0,0,0,0,3,3
40002610000,0,0,0,0,0,0,0,0
40003700000,0,0,0,0,0,0,0,0
40414920000,0,0,0,0,0,0,0,0
40414930000,0,0,0,0,0,0,0,0
40415100000,0,0,0,0,0,0,0,0
40000660000,35,0,0,3,0,4,8,53
40001401000,4,0,0,0,0,0,4,13
40003180000,8,0,0,4,0,0,0,13
40003390000,0,0,0,0,0,0,4,3
40214955000,12,0,0,0,0,5,9,23
40215039500,7,0,0,0,0,0,0,8
40215097900,25,3,0,0,0,5,21,59
40215151700,10,6,0,0,0,0,10,21
40243851000,0,0,0,0,0,0,0,0
40243852000,46,6,8,16,5,7,52,132
40001840000,7,0,0,4,0,5,10,30
40001850000,0,0,0,0,0,0,3,3
40002600000,10,0,0,4,0,0,4,16
40003170000,0,0,0,0,0,0,0,0
40003220000,11,0,0,3,6,4,19,33
40214963300,0,0,0,0,0,0,0,0
40214963400,21,9,0,4,0,0,19,51
40214972900,23,0,0,0,0,0,12,40
40214989800,5,0,0,3,0,0,0,14
40000790000,9,0,0,0,0,0,0,10
40000940000,3,0,0,0,0,0,0,12
40001680000,18,0,0,8,0,4,9,38
40003200000,4,0,0,0,0,0,0,7
40003380000,15,0,0,0,0,0,5,18
40215028000,0,0,0,3,0,0,4,12
40215028100,0,0,0,0,0,0,0,0
40215154900,16,3,0,0,0,6,12,39
40215299400,14,3,0,0,0,4,12,29
40244570000,5,0,0,0,0,0,0,5
40001140000,8,0,0,0,0,0,8,11
40001310000,4,4,0,0,0,0,6,18
40001600000,5,0,0,9,0,3,4,27
40002510000,10,0,0,0,0,6,3,14
40003230000,0,0,0,0,0,0,0,0
40003370000,15,4,0,4,0,8,4,34
40215152000,24,3,0,5,0,0,14,44
40244560000,0,0,0,0,0,0,0,0
40000611000,0,0,0,0,0,0,0,0
40000612000,0,0,0,0,0,0,0,0
40000614000,0,0,0,0,0,0,5,5
40000615000,0,0,0,0,0,0,0,0
40000620000,8,0,0,6,0,0,13,23
40001031000,17,3,0,12,0,5,25,64
40001032000,3,0,0,0,0,0,0,4
40001130000,6,0,0,5,0,0,11,15
40001160000,3,0,0,0,0,0,7,10
40001590000,12,0,0,3,0,0,9,26
40001670000,0,0,0,0,0,0,4,10
40001831000,3,0,0,0,0,0,0,6
40001832000,5,0,0,0,0,0,0,6
40001833000,0,0,0,0,0,0,0,0
40002110000,4,0,0,0,0,0,0,3
40002390000,6,0,0,0,0,0,9,19
40002850000,8,0,0,0,0,0,0,9
40003210000,8,0,0,6,4,0,4,24
40215155700,14,4,0,9,0,5,5,27
40244541000,0,0,0,0,0,0,0,0
40244542000,0,0,0,0,0,0,0,0
40244550000,8,0,0,0,0,0,4,10
40002751000,0,0,0,0,0,0,0,0
40002752000,0,0,0,0,0,0,0,0
40002753000,0,0,0,0,0,0,0,0
40003080000,3,0,0,0,0,0,0,6
40244331000,0,0,0,0,0,0,0,0
40244332000,0,0,0,0,0,0,0,0
40244340000,0,0,0,0,0,0,0,0
40244350000,0,0,0,0,0,0,0,0
40244360000,0,0,0,0,0,0,0,0
40244370000,0,0,0,0,0,0,0,0
40244380000,0,0,0,0,0,0,0,6
40244390000,4,0,0,0,0,0,0,3
40244400000,0,0,0,0,0,0,0,0
40244410000,0,0,0,0,0,0,0,6
40244420000,0,0,0,0,0,0,0,0
40244430000,0,0,0,0,0,0,0,0
40000010000,0,0,0,0,0,0,5,5
40000550000,0,0,0,0,0,0,0,0
40414710000,0,0,0,0,0,0,0,0
40415320000,0,0,0,0,0,0,0,0
40415330000,0,0,0,0,0,0,0,0
40000560000,0,0,0,0,0,0,0,0
40414740000,0,0,0,0,0,0,0,0
40414860000,0,0,0,0,0,0,0,0
40414880000,0,0,0,0,0,0,0,0
40414890000,0,0,0,0,0,0,0,0
40415350000,0,0,0,0,0,0,0,0
40003770000,0,0,0,0,0,0,0,0
40003780000,0,0,0,0,0,0,0,0
40415250000,0,0,0,0,0,0,0,0
40415260000,0,0,0,0,0,0,0,0
40415340000,0,0,0,0,0,0,0,0
40000370000,0,0,0,0,0,0,0,0
40000460000,0,0,0,0,0,0,0,0
40244440000,0,0,0,0,0,0,0,0
40415110000,0,0,0,0,0,0,0,0
40000760000,11,3,0,3,0,3,8,24
40001390000,17,0,0,0,0,0,11,29
40002090000,13,3,0,0,0,8,6,31
40003430000,7,0,0,5,0,0,9,14
40003440000,0,0,0,3,0,0,6,6
40003450000,17,0,0,3,0,0,0,19
40244040000,0,0,0,0,0,0,4,5
40000420000,0,0,0,0,0,0,0,0
40215264800,0,0,0,0,0,0,0,0
40414870000,0,0,0,0,0,0,0,0
40415270000,0,0,0,0,0,0,0,0
40415280000,0,0,0,0,0,0,0,0
40415290000,0,0,0,0,0,0,0,0
40415300000,0,0,0,0,0,0,0,0
40415310000,0,0,0,0,0,0,0,0
40000671000,0,0,0,0,0,0,0,0
40000981000,0,0,0,0,0,0,0,0
40000982000,15,3,0,3,0,0,9,29
40001530000,0,0,0,0,0,0,0,3
40002140000,34,11,0,15,4,0,55,115
40002900000,3,0,0,3,0,0,10,19
40003060000,0,0,0,0,0,0,0,0
40214996100,34,9,0,6,0,0,37,87
40215023400,0,0,0,4,0,0,9,20
40414770000,0,0,0,0,0,0,0,0
40000071000,10,0,0,30,0,0,44,88
40000073000,0,0,0,0,0,0,0,0
40000074000,0,0,0,0,0,0,0,0
40002181000,0,0,0,0,0,0,0,0
40002182000,0,0,0,0,0,0,4,3
40002183000,14,0,0,7,0,0,14,35
40002191000,0,0,0,0,0,0,0,0
40002193000,0,0,0,0,0,0,0,5
40002880000,0,0,0,0,0,0,0,6
40215151900,0,0,0,0,0,0,0,0
40000530000,8,0,0,0,0,0,16,29
40001171000,0,0,0,0,0,0,0,0
40001172000,0,0,0,0,0,0,0,0
40001173000,0,0,0,0,0,0,0,0
40001174000,0,0,0,0,0,0,0,0
40001700000,9,0,0,0,0,0,8,19
40001710000,8,0,0,0,0,0,18,26
40002380000,5,0,0,0,0,0,8,14
40003020000,0,0,0,0,0,0,5,9
40003030000,5,0,0,3,0,0,9,20
40215127400,0,0,0,0,0,0,0,3
40215291500,3,0,0,0,0,0,0,6
40003090000,0,0,0,0,0,0,0,0
40414750000,0,0,0,0,0,0,0,0
40000290000,25,0,0,3,0,0,14,41
40000780000,15,4,0,0,0,0,6,26
40002130000,7,0,0,0,0,0,11,21
40003070000,17,0,0,4,0,0,18,42
40243830000,11,0,0,0,0,0,13,27
40000052000,0,0,0,10,0,0,20,35
40000053000,0,0,0,0,0,0,0,0
40001732000,0,0,0,0,0,0,0,0
40244461000,0,0,0,0,0,0,0,0
40244462000,0,0,0,0,0,0,0,0
40244470000,4,0,4,14,0,3,21,42
40002411000,14,0,0,6,0,6,13,34
40002412000,0,0,0,0,0,0,0,0
40003050000,17,4,0,18,0,0,18,63
40215138800,7,4,6,11,0,0,22,52
40215269900,6,0,0,0,0,0,0,3
40000021000,0,0,0,0,0,0,0,0
40000022000,0,0,0,0,0,0,0,0
40000023000,0,0,0,0,0,0,0,0
40000024000,0,0,0,0,0,0,0,4
40000161000,0,0,0,0,0,0,0,0
40000220000,14,3,0,0,0,0,6,27
40000991000,0,0,0,0,0,0,0,0
40000992000,0,0,0,0,0,0,0,0
40001230000,0,0,0,0,0,0,0,0
40002241000,0,0,0,0,0,0,0,0
40002242000,3,0,0,0,0,0,0,6
40002243000,0,0,0,0,0,0,0,0
40002860000,0,0,0,0,0,0,0,0
40002930000,0,0,0,0,0,0,0,0
40003100000,0,0,0,0,0,0,0,0
40244140000,0,0,0,0,0,0,0,9
40244150000,0,0,0,0,0,0,0,0
40244160000,0,0,0,0,0,0,0,0
40244170000,0,0,0,0,0,0,0,0
40414960000,0,0,0,0,0,0,0,0
40414970000,0,0,0,0,0,0,0,0
40414990000,0,0,0,0,0,0,0,0
40429500000,3,0,0,16,0,0,41,65
40001094000,3,0,0,3,0,0,14,29
40001095000,3,0,0,0,0,0,8,16
40001430000,12,0,0,0,0,6,15,24
40002260000,0,0,0,0,0,0,0,0
40002800000,0,0,0,0,0,0,0,0
40002941000,19,4,0,3,0,0,20,35
40002942000,0,0,0,0,0,0,0,0
40000960000,4,0,0,0,0,0,8,14
40001000000,10,0,0,0,0,0,7,19
40001100000,11,0,0,0,0,3,12,29
40002350000,4,0,0,0,0,0,9,16
40002990000,11,0,0,0,0,0,15,30
40003000000,6,0,0,0,0,0,3,11
40003240000,0,0,0,0,0,0,0,0
40215133500,0,0,0,0,0,0,0,0
40215154800,9,0,0,0,0,0,10,19
40215299300,0,0,0,0,0,0,0,0
40243840000,0,0,0,0,0,0,0,0
40243860000,6,4,0,0,0,3,10,23
40414820000,0,0,0,0,0,0,0,0
40414840000,0,0,0,0,0,0,0,0
40001731000,0,0,0,0,0,0,0,0
40001733000,8,0,0,13,0,0,5,26
40244450000,26,7,4,5,5,0,31,72
40000681000,0,0,0,0,0,0,0,0
40000682000,0,0,0,0,0,0,0,6
40000683000,0,0,0,0,0,0,0,0
40000684000,0,0,0,0,0,0,0,0
40000740000,0,0,0,0,0,0,0,0
40001221000,0,0,0,0,0,0,0,0
40001222000,0,0,0,0,0,0,0,0
40001223000,0,0,0,0,0,0,0,0
40002050000,10,0,3,7,0,0,19,44
40214964000,0,0,0,0,0,0,0,0
40215153600,19,4,4,21,0,0,62,112
40215153800,0,0,0,0,0,0,0,0
40244230000,0,0,0,0,0,0,0,0
40244240000,0,0,0,3,0,0,7,12
40244250000,0,0,0,0,0,0,0,0
40244271000,0,0,0,11,0,0,0,15
40244272000,0,0,0,0,0,0,0,0
40244281000,26,10,0,19,3,0,35,94
40244282000,0,0,0,0,0,0,0,0
40244481000,0,0,0,0,0,0,0,0
40244482000,0,0,0,0,0,0,0,0
40244500000,0,0,0,0,0,0,0,3
40414790000,0,0,0,0,0,0,0,0
40414980000,0,0,0,0,0,0,0,0
40429600000,0,0,0,0,0,0,0,0
44321000000,0,0,0,3,0,0,0,4
44321600000,12,0,0,6,0,0,23,39
40000591000,10,0,0,10,0,0,10,30
40000592000,10,0,4,10,0,0,12,37
40001181000,0,0,0,0,0,0,0,0
40001182000,0,0,0,0,0,3,3,13
40001183000,0,6,0,4,0,0,3,9
40002430000,8,0,0,9,5,0,18,47
40244300000,25,4,0,10,0,0,19,59
40001580000,0,0,0,0,0,0,0,0
40002281000,0,0,0,0,0,0,0,0
40002282000,0,0,0,0,0,0,0,0
40002283000,4,0,0,0,0,0,9,19
40002291000,0,0,0,0,0,0,12,11
40002292000,7,0,0,0,0,0,3,10
40002730000,0,0,0,0,0,0,0,0
40002770000,74,10,0,18,3,0,63,163
40000630000,14,0,0,0,0,0,10,26
40001020000,3,0,0,0,0,0,3,13
40001041000,0,0,0,0,0,0,0,0
40002580000,0,0,0,0,0,0,0,0
40214956200,6,0,0,6,0,0,9,25
40215046000,18,7,4,11,0,4,25,67
40215151400,6,0,0,12,0,0,20,44
40215245400,32,0,0,5,0,3,36,78
40000030000,0,0,0,0,0,0,0,0
40000040000,0,0,0,4,0,0,0,8
40000051000,0,0,0,0,0,0,0,0
40000060000,0,0,0,0,0,0,3,9
40002210000,44,8,0,20,0,0,74,145
40002891000,21,0,0,6,0,0,18,48
40003120000,0,0,0,0,0,0,17,23
40244180000,0,0,0,0,0,0,0,0
40244190000,0,0,0,0,0,0,0,4
40244200000,0,0,0,0,0,0,3,3
40414780000,0,0,0,0,0,0,0,0
40429510000,0,0,0,0,0,0,0,0
40002230000,8,0,0,0,0,0,0,8
40002911000,5,0,0,8,0,0,4,14
40002912000,0,0,0,0,0,0,3,5
40002913000,0,0,0,0,0,0,0,0
40244520000,0,0,0,0,0,0,0,7
40244530000,0,0,0,0,0,0,0,0
40000672000,0,0,0,0,0,0,0,4
40000674000,0,0,0,0,0,0,0,0
40215151300,7,0,6,14,0,0,26,49
40215297600,11,4,0,4,0,0,15,38
40414760000,0,0,0,0,0,0,0,0
40000152000,0,0,0,0,0,0,4,9
40000153000,0,0,0,0,0,0,0,0
40000154000,0,0,0,0,0,0,0,0
40000155000,0,0,0,0,0,0,0,0
40001060000,0,0,0,4,0,0,0,0
40001380000,10,0,0,0,0,0,12,20
40002070000,5,0,0,0,0,0,4,13
40002370000,10,0,0,0,0,0,8,18
40215155800,58,7,5,19,3,0,74,168
40002892000,0,0,0,27,0,0,12,39
40214958700,22,0,0,12,0,0,31,68
40215241600,0,0,0,0,0,0,0,0
40214988800,54,8,4,18,0,0,60,149
40215001300,10,0,0,12,0,0,11,32
40215007900,24,0,0,10,0,0,25,62
40001740000,16,0,0,19,0,3,48,86
40001211000,0,0,0,0,0,0,3,3
40001212000,35,6,3,17,0,0,67,134
40002921000,3,0,0,0,0,0,4,10
40002922000,4,0,0,3,0,0,0,10
40002923000,0,0,0,0,0,0,5,4
40244510000,0,0,0,0,0,0,0,0
40002870000,6,0,0,0,0,0,5,18
40214955800,22,3,0,26,0,0,27,78
40244311000,9,0,0,7,0,0,12,39
40244312000,0,0,0,0,0,0,0,0
40244320000,5,0,0,0,0,0,4,12
40000230000,4,0,0,0,0,0,5,7
40000240000,11,3,0,0,0,0,7,27
40000510000,5,0,0,0,0,0,9,9
40000770000,11,0,0,6,0,6,10,29
40001640000,4,0,0,0,0,0,0,4
40001650000,9,0,0,3,0,0,8,29
40002560000,5,0,4,0,0,0,10,25
40002971000,0,0,0,0,0,3,3,6
40002972000,0,0,0,0,0,0,0,0
40002973000,0,0,0,0,0,0,0,0
40002974000,8,0,0,3,0,0,15,28
40003010000,12,0,0,7,0,0,20,38
40003150000,9,4,0,0,0,0,14,32
40243820000,7,0,0,0,0,0,5,14
40414830000,0,0,0,0,0,0,0,0
40000830000,0,0,0,0,0,0,0,0
40000862000,0,0,0,0,0,0,0,0
40001450000,7,0,0,0,0,0,0,4
40002020000,16,0,0,0,0,0,3,21
40002810000,0,0,0,0,0,0,0,0
40003480000,9,0,0,4,0,0,4,22
40003630000,7,0,0,0,0,0,3,6
40214962800,16,0,0,0,0,0,5,30
40214971500,0,0,0,0,0,0,0,0
40215031100,45,5,0,7,0,0,15,71
40415150000,0,0,0,0,0,0,0,0
40429490000,11,0,0,0,0,0,3,20
40001260000,21,0,0,0,0,0,9,30
40001751000,3,0,0,0,0,0,0,7
40001752000,4,0,0,0,0,0,9,11
40002031000,13,0,0,0,0,0,3,16
40002481000,4,0,0,4,0,0,0,7
40002482000,0,0,0,0,0,0,0,0
40214975400,14,0,0,0,0,5,3,23
40214975500,14,0,0,6,0,0,7,30
40000640000,30,5,0,4,0,4,0,35
40001291000,5,0,0,0,0,0,0,3
40001292000,6,0,0,0,0,0,0,14
40001780000,25,4,0,6,0,0,10,41
40002491000,3,0,0,5,0,0,0,9
40002492000,5,0,0,5,0,0,0,14
40003330000,9,0,0,0,0,0,0,9
40003351000,7,0,0,0,0,0,0,14
40003352000,4,0,0,0,0,0,0,3
40003353000,3,0,0,0,0,0,0,4
40003360000,17,0,0,7,0,0,6,22
40000300000,22,3,0,8,0,3,14,51
40000500000,5,0,0,0,0,0,6,8
40000840000,22,0,0,0,0,0,8,31
40001270000,20,3,0,4,0,0,13,42
40001280000,4,0,0,0,0,0,0,3
40001760000,6,0,0,0,0,0,6,12
40003320000,5,5,0,4,0,0,8,20
40003710000,3,0,0,0,0,0,0,3
40000651000,8,0,0,0,0,0,5,13
40000652000,10,0,0,4,0,0,5,23
40000921000,10,0,0,4,0,0,5,16
40000922000,3,0,0,0,0,0,0,3
40001300000,19,0,0,0,0,0,5,27
40001790000,18,7,0,0,0,0,3,31
40002040000,35,0,0,0,0,0,7,47
40002460000,13,0,0,3,0,0,11,33
40002470000,7,0,0,6,0,0,0,13
40002500000,26,0,0,4,0,0,0,35
40003300000,22,5,0,7,0,8,4,34
40003310000,10,0,0,3,0,0,3,22
40003340000,0,0,0,0,0,0,0,3
40003720000,10,0,0,0,0,0,5,11
40215006700,0,0,0,0,0,0,0,0
40215256100,4,3,0,5,0,0,4,14
40000350000,18,0,0,5,0,0,10,29
40001490000,16,0,0,4,0,0,9,32
40001920000,14,0,0,0,0,4,0,15
40002672000,0,0,0,0,0,0,0,3
40003530000,9,6,0,10,0,0,3,26
40215320900,13,0,0,3,0,0,5,23
40001981000,3,0,0,0,0,0,0,8
40001982000,12,0,0,9,0,0,0,14
40002720000,5,0,0,0,0,0,0,14
40003590000,17,4,0,0,0,0,8,29
40003600000,18,0,0,9,0,0,0,27
40003621000,10,0,0,0,0,0,0,8
40003623000,0,0,0,0,0,0,0,0
40000330000,36,0,0,0,0,0,0,41
40000411000,0,0,0,0,0,0,0,8
40000412000,0,0,0,3,0,0,0,7
40000880000,19,0,0,0,0,0,0,26
40001950000,15,0,0,0,0,0,0,21
40002150000,0,0,0,0,0,0,0,0
40002700000,16,0,0,0,0,0,0,23
40003550000,8,0,0,0,0,0,0,7
40003580000,12,0,0,3,0,0,7,24
40000270000,24,0,0,3,0,0,11,34
40000900000,21,0,0,9,0,3,6,37
40001930000,4,0,0,3,0,0,4,8
40001960000,8,0,0,5,0,0,3,13
40002710000,9,0,0,0,0,0,0,10
40002830000,21,4,0,0,3,0,13,35
40003650000,0,0,0,0,0,0,0,0
40000251000,0,0,0,0,0,0,3,9
40000253000,0,0,0,0,0,0,0,0
40000261000,0,0,0,0,0,0,3,9
40000262000,3,0,0,3,0,0,3,17
40000721000,0,0,0,0,0,0,0,0
40000722000,0,0,0,4,0,0,0,11
40000723000,0,0,0,0,0,0,0,0
40001970000,13,0,0,0,0,0,0,26
40002680000,11,0,0,5,0,0,0,20
40003540000,8,4,0,7,0,3,0,22
40003730000,9,0,0,8,0,0,8,25
40214967700,0,0,0,0,0,0,0,0
40214969900,6,0,0,0,0,0,7,12
40000110000,16,3,0,5,0,0,0,23
40000311000,0,0,0,0,0,0,7,10
40000312000,0,0,0,0,0,0,0,0
40000320000,0,0,0,0,0,0,4,8
40000891000,0,0,0,0,0,0,0,0
40000892000,0,0,0,0,0,0,0,0
40001990000,10,0,0,5,0,0,7,17
40002010000,11,0,0,0,0,0,6,16
40002450000,12,0,0,0,0,0,8,19
40003622000,0,0,0,0,0,0,0,0
40003670000,16,0,0,0,0,0,0,25
40003740000,14,0,0,0,0,0,4,27
40215011400,10,0,0,0,0,0,0,12
40215255700,3,0,0,0,0,0,0,5
40215276200,0,0,0,0,0,0,0,0
40000120000,11,0,0,3,0,3,4,18
40000130000,6,0,0,0,0,0,0,10
40001250000,6,0,0,0,0,0,3,14
40002000000,20,0,0,0,0,0,5,27
40003610000,3,0,0,0,0,0,0,7
40003680000,18,0,0,6,0,0,7,32
40003790000,0,0,0,0,0,0,0,0
40415190000,0,0,0,0,0,0,0,0
40415200000,0,0,0,0,0,0,0,0
40415210000,0,0,0,0,0,0,0,0
40415220000,0,0,0,0,0,0,0,0
40415230000,0,0,0,0,0,0,0,0
40415240000,0,0,0,0,0,0,0,0
40415380000,0,0,0,0,0,0,0,0
40415390000,0,0,0,0,0,0,0,0
40415400000,0,0,0,0,0,0,0,0
40415410000,0,0,0,0,0,0,0,0
40000280000,17,0,0,5,0,0,0,23
40001480000,16,0,0,3,0,0,0,19
40001910000,8,0,0,0,0,0,3,11
40002660000,27,0,0,4,0,0,0,33
40000340000,19,3,0,3,0,0,3,29
40001940000,26,0,0,0,0,0,0,30
40003470000,15,0,0,4,0,0,0,23
40003560000,22,0,0,5,0,0,5,26
40003640000,16,0,0,0,0,0,4,25
40214967500,0,0,0,0,0,0,3,4
40215244500,7,0,0,0,0,0,0,11
40000252000,35,0,0,3,0,0,7,49
40000820000,33,0,0,4,0,3,0,37
40000910000,0,3,0,0,0,0,0,11
40002630000,7,0,0,6,0,0,5,10
40003660000,0,0,0,0,0,0,0,0
40003750000,4,0,0,0,0,0,9,13
40215023200,0,0,0,0,0,0,0,0
40215023300,42,0,0,3,0,0,11,52
40000520000,0,0,0,0,0,0,0,0
40000600000,0,0,0,0,0,0,0,0
40215247100,0,0,0,0,0,0,0,0
40415010000,0,0,0,0,0,0,0,0
40415020000,0,0,0,0,0,0,0,0
40415030000,0,0,0,0,0,0,0,0
40415360000,0,0,0,0,0,0,0,0
40000080000,0,0,0,0,0,0,0,0
40215067700,0,0,0,0,0,0,0,0
40215141800,0,0,0,0,0,0,0,0
40414940000,0,0,0,0,0,0,0,0
40414950000,0,0,0,0,0,0,0,0
40415120000,0,0,0,0,0,0,0,0
40415130000,0,0,0,0,0,0,0,0
40415140000,0,0,0,0,0,0,0,0
40415180000,0,0,0,0,0,0,0,0
40000190000,7,0,0,6,0,0,9,27
40000210000,10,0,0,5,0,0,3,17
40214967600,8,0,0,5,0,3,8,25
40001900000,23,0,0,0,0,0,8,41
40002650000,24,3,0,3,0,7,5,37
40003510000,26,0,0,5,0,0,4,37
40003520000,21,4,0,6,0,0,0,28
40000100000,25,0,0,5,0,0,4,40
40002170000,12,0,0,0,0,0,3,18
40002640000,21,0,0,3,0,0,3,31
40002671000,0,0,0,0,0,0,0,0
40003500000,12,0,0,5,0,0,3,28
Total,4005,417,106,1197,125,358,3040,9254